State,District,Soil_Percent,N_per_Ha,P_per_Ha,K_per_Ha,Kharif_rain,Rabi_rain,Zaid_rain,Area,Rank,Stand_Soil,Stand_Crop
Andhra Pradesh,Ananthapur,100.0,27.71,17.96,6.99,272.0,148.0,77.0,594.74,1.0,Sandy,['Groundnut']
Andhra Pradesh,Ananthapur,100.0,27.71,17.96,6.99,272.0,148.0,77.0,586.86,2.0,Sandy,['Other']
Andhra Pradesh,Ananthapur,100.0,27.71,17.96,6.99,272.0,148.0,77.0,51.825,3.0,Sandy,['Rice']
Andhra Pradesh,Ananthapur,100.0,27.71,17.96,6.99,272.0,148.0,77.0,43.055,4.0,Sandy,['Other']
Andhra Pradesh,Ananthapur,100.0,27.71,17.96,6.99,272.0,148.0,77.0,24.8,5.0,Sandy,['Pigeonpea']
Andhra Pradesh,Ananthapur,100.0,27.71,17.96,6.99,272.0,148.0,77.0,23.755,6.0,Sandy,['Other']
Andhra Pradesh,Ananthapur,100.0,27.71,17.96,6.99,272.0,148.0,77.0,19.240000000000002,7.0,Sandy,['Fruits']
Andhra Pradesh,Ananthapur,100.0,27.71,17.96,6.99,272.0,148.0,77.0,14.82,8.0,Sandy,['Cotton']
Andhra Pradesh,Ananthapur,100.0,27.71,17.96,6.99,272.0,148.0,77.0,13.975000000000001,9.0,Sandy,['Other Pulse']
Andhra Pradesh,Ananthapur,100.0,27.71,17.96,6.99,272.0,148.0,77.0,11.7,10.0,Sandy,['Ragi']
Andhra Pradesh,Ananthapur,100.0,27.71,17.96,6.99,272.0,148.0,77.0,10.15,11.0,Sandy,['Chickpea']
Andhra Pradesh,Ananthapur,100.0,27.71,17.96,6.99,272.0,148.0,77.0,5.865,12.0,Sandy,['Sunflower']
Andhra Pradesh,Ananthapur,100.0,27.71,17.96,6.99,272.0,148.0,77.0,5.225,13.0,Sandy,['Pearl Millet']
Andhra Pradesh,Ananthapur,100.0,27.71,17.96,6.99,272.0,148.0,77.0,5.15,14.0,Sandy,['Castor']
Andhra Pradesh,Ananthapur,100.0,27.71,17.96,6.99,272.0,148.0,77.0,3.9850000000000003,15.0,Sandy,['Vegetables']
Andhra Pradesh,Ananthapur,100.0,27.71,17.96,6.99,272.0,148.0,77.0,2.475,16.0,Sandy,['Safflower']
Andhra Pradesh,Ananthapur,100.0,27.71,17.96,6.99,272.0,148.0,77.0,1.47,17.0,Sandy,['Fodder']
Andhra Pradesh,Ananthapur,100.0,27.71,17.96,6.99,272.0,148.0,77.0,1.4300000000000002,18.0,Sandy,['Maize']
Andhra Pradesh,Ananthapur,100.0,27.71,17.96,6.99,272.0,148.0,77.0,1.415,19.0,Sandy,['Onion']
Andhra Pradesh,Ananthapur,100.0,27.71,17.96,6.99,272.0,148.0,77.0,1.225,20.0,Sandy,['Sugarcane']
Andhra Pradesh,Ananthapur,100.0,27.71,17.96,6.99,272.0,148.0,77.0,0.425,21.0,Sandy,['Wheat']
Andhra Pradesh,Ananthapur,100.0,27.71,17.96,6.99,272.0,148.0,77.0,0.17,22.0,Sandy,['Sesame']
Andhra Pradesh,Ananthapur,100.0,27.71,17.96,6.99,272.0,148.0,77.0,0.0,23.0,Sandy,['Barley']
Andhra Pradesh,Ananthapur,100.0,27.71,17.96,6.99,272.0,148.0,77.0,0.0,23.0,Sandy,['Linseed']
Andhra Pradesh,Ananthapur,100.0,27.71,17.96,6.99,272.0,148.0,77.0,0.0,23.0,Sandy,['Potato']
Andhra Pradesh,Ananthapur,100.0,27.71,17.96,6.99,272.0,148.0,77.0,0.0,23.0,Sandy,['Other']
Andhra Pradesh,Ananthapur,100.0,27.71,17.96,6.99,272.0,148.0,77.0,0.0,23.0,Sandy,['Soyabean']
Andhra Pradesh,Chittoor,80.0,64.24,23.78,11.79,328.0,270.0,99.0,221.48000000000002,1.0,Sandy,['Other']
Andhra Pradesh,Chittoor,80.0,64.24,23.78,11.79,328.0,270.0,99.0,214.25,2.0,Sandy,['Groundnut']
Andhra Pradesh,Chittoor,80.0,64.24,23.78,11.79,328.0,270.0,99.0,95.04499999999999,3.0,Sandy,['Rice']
Andhra Pradesh,Chittoor,80.0,64.24,23.78,11.79,328.0,270.0,99.0,36.37,4.0,Sandy,['Other']
Andhra Pradesh,Chittoor,80.0,64.24,23.78,11.79,328.0,270.0,99.0,24.045,5.0,Sandy,['Fruits']
Andhra Pradesh,Chittoor,80.0,64.24,23.78,11.79,328.0,270.0,99.0,23.145000000000003,6.0,Sandy,['Sugarcane']
Andhra Pradesh,Chittoor,80.0,64.24,23.78,11.79,328.0,270.0,99.0,15.774999999999999,7.0,Sandy,['Ragi']
Andhra Pradesh,Chittoor,80.0,64.24,23.78,11.79,328.0,270.0,99.0,13.149999999999999,8.0,Sandy,['Other Pulse']
Andhra Pradesh,Chittoor,80.0,64.24,23.78,11.79,328.0,270.0,99.0,10.39,9.0,Sandy,['Vegetables']
Andhra Pradesh,Chittoor,80.0,64.24,23.78,11.79,328.0,270.0,99.0,7.225,10.0,Sandy,['Other']
Andhra Pradesh,Chittoor,80.0,64.24,23.78,11.79,328.0,270.0,99.0,6.529999999999999,11.0,Sandy,['Pigeonpea']
Andhra Pradesh,Chittoor,80.0,64.24,23.78,11.79,328.0,270.0,99.0,4.895,12.0,Sandy,['Pearl Millet']
Andhra Pradesh,Chittoor,80.0,64.24,23.78,11.79,328.0,270.0,99.0,3.0,13.0,Sandy,['Fodder']
Andhra Pradesh,Chittoor,80.0,64.24,23.78,11.79,328.0,270.0,99.0,1.115,14.0,Sandy,['Sesame']
Andhra Pradesh,Chittoor,80.0,64.24,23.78,11.79,328.0,270.0,99.0,0.43000000000000005,15.0,Sandy,['Sunflower']
Andhra Pradesh,Chittoor,80.0,64.24,23.78,11.79,328.0,270.0,99.0,0.39,16.0,Sandy,['Onion']
Andhra Pradesh,Chittoor,80.0,64.24,23.78,11.79,328.0,270.0,99.0,0.31,17.0,Sandy,['Potato']
Andhra Pradesh,Chittoor,80.0,64.24,23.78,11.79,328.0,270.0,99.0,0.3,18.0,Sandy,['Castor']
Andhra Pradesh,Chittoor,80.0,64.24,23.78,11.79,328.0,270.0,99.0,0.3,18.0,Sandy,['Maize']
Andhra Pradesh,Chittoor,80.0,64.24,23.78,11.79,328.0,270.0,99.0,0.0,19.0,Sandy,['Barley']
Andhra Pradesh,Chittoor,80.0,64.24,23.78,11.79,328.0,270.0,99.0,0.0,19.0,Sandy,['Chickpea']
Andhra Pradesh,Chittoor,80.0,64.24,23.78,11.79,328.0,270.0,99.0,0.0,19.0,Sandy,['Cotton']
Andhra Pradesh,Chittoor,80.0,64.24,23.78,11.79,328.0,270.0,99.0,0.0,19.0,Sandy,['Linseed']
Andhra Pradesh,Chittoor,80.0,64.24,23.78,11.79,328.0,270.0,99.0,0.0,19.0,Sandy,['Other']
Andhra Pradesh,Chittoor,80.0,64.24,23.78,11.79,328.0,270.0,99.0,0.0,19.0,Sandy,['Safflower']
Andhra Pradesh,Chittoor,80.0,64.24,23.78,11.79,328.0,270.0,99.0,0.0,19.0,Sandy,['Soyabean']
Andhra Pradesh,Chittoor,80.0,64.24,23.78,11.79,328.0,270.0,99.0,0.0,19.0,Sandy,['Wheat']
Andhra Pradesh,Chittoor,20.0,64.24,23.78,11.79,328.0,270.0,99.0,221.48000000000002,1.0,Loam,['Other']
Andhra Pradesh,Chittoor,20.0,64.24,23.78,11.79,328.0,270.0,99.0,214.25,2.0,Loam,['Groundnut']
Andhra Pradesh,Chittoor,20.0,64.24,23.78,11.79,328.0,270.0,99.0,95.04499999999999,3.0,Loam,['Rice']
Andhra Pradesh,Chittoor,20.0,64.24,23.78,11.79,328.0,270.0,99.0,36.37,4.0,Loam,['Other']
Andhra Pradesh,Chittoor,20.0,64.24,23.78,11.79,328.0,270.0,99.0,24.045,5.0,Loam,['Fruits']
Andhra Pradesh,Chittoor,20.0,64.24,23.78,11.79,328.0,270.0,99.0,23.145000000000003,6.0,Loam,['Sugarcane']
Andhra Pradesh,Chittoor,20.0,64.24,23.78,11.79,328.0,270.0,99.0,15.774999999999999,7.0,Loam,['Ragi']
Andhra Pradesh,Chittoor,20.0,64.24,23.78,11.79,328.0,270.0,99.0,13.149999999999999,8.0,Loam,['Other Pulse']
Andhra Pradesh,Chittoor,20.0,64.24,23.78,11.79,328.0,270.0,99.0,10.39,9.0,Loam,['Vegetables']
Andhra Pradesh,Chittoor,20.0,64.24,23.78,11.79,328.0,270.0,99.0,7.225,10.0,Loam,['Other']
Andhra Pradesh,Chittoor,20.0,64.24,23.78,11.79,328.0,270.0,99.0,6.529999999999999,11.0,Loam,['Pigeonpea']
Andhra Pradesh,Chittoor,20.0,64.24,23.78,11.79,328.0,270.0,99.0,4.895,12.0,Loam,['Pearl Millet']
Andhra Pradesh,Chittoor,20.0,64.24,23.78,11.79,328.0,270.0,99.0,3.0,13.0,Loam,['Fodder']
Andhra Pradesh,Chittoor,20.0,64.24,23.78,11.79,328.0,270.0,99.0,1.115,14.0,Loam,['Sesame']
Andhra Pradesh,Chittoor,20.0,64.24,23.78,11.79,328.0,270.0,99.0,0.43000000000000005,15.0,Loam,['Sunflower']
Andhra Pradesh,Chittoor,20.0,64.24,23.78,11.79,328.0,270.0,99.0,0.39,16.0,Loam,['Onion']
Andhra Pradesh,Chittoor,20.0,64.24,23.78,11.79,328.0,270.0,99.0,0.31,17.0,Loam,['Potato']
Andhra Pradesh,Chittoor,20.0,64.24,23.78,11.79,328.0,270.0,99.0,0.3,18.0,Loam,['Castor']
Andhra Pradesh,Chittoor,20.0,64.24,23.78,11.79,328.0,270.0,99.0,0.3,18.0,Loam,['Maize']
Andhra Pradesh,Chittoor,20.0,64.24,23.78,11.79,328.0,270.0,99.0,0.0,19.0,Loam,['Barley']
Andhra Pradesh,Chittoor,20.0,64.24,23.78,11.79,328.0,270.0,99.0,0.0,19.0,Loam,['Chickpea']
Andhra Pradesh,Chittoor,20.0,64.24,23.78,11.79,328.0,270.0,99.0,0.0,19.0,Loam,['Cotton']
Andhra Pradesh,Chittoor,20.0,64.24,23.78,11.79,328.0,270.0,99.0,0.0,19.0,Loam,['Linseed']
Andhra Pradesh,Chittoor,20.0,64.24,23.78,11.79,328.0,270.0,99.0,0.0,19.0,Loam,['Other']
Andhra Pradesh,Chittoor,20.0,64.24,23.78,11.79,328.0,270.0,99.0,0.0,19.0,Loam,['Safflower']
Andhra Pradesh,Chittoor,20.0,64.24,23.78,11.79,328.0,270.0,99.0,0.0,19.0,Loam,['Soyabean']
Andhra Pradesh,Chittoor,20.0,64.24,23.78,11.79,328.0,270.0,99.0,0.0,19.0,Loam,['Wheat']
Andhra Pradesh,East Godavari,65.0,197.19,61.68,33.52,608.0,406.0,74.0,382.245,1.0,Loam,['Rice']
Andhra Pradesh,East Godavari,65.0,197.19,61.68,33.52,608.0,406.0,74.0,70.505,2.0,Loam,['Other']
Andhra Pradesh,East Godavari,65.0,197.19,61.68,33.52,608.0,406.0,74.0,54.76,3.0,Loam,['Other']
Andhra Pradesh,East Godavari,65.0,197.19,61.68,33.52,608.0,406.0,74.0,50.18,4.0,Loam,['Fruits']
Andhra Pradesh,East Godavari,65.0,197.19,61.68,33.52,608.0,406.0,74.0,49.655,5.0,Loam,['Other Pulse']
Andhra Pradesh,East Godavari,65.0,197.19,61.68,33.52,608.0,406.0,74.0,18.450000000000003,6.0,Loam,['Vegetables']
Andhra Pradesh,East Godavari,65.0,197.19,61.68,33.52,608.0,406.0,74.0,16.0,7.0,Loam,['Sugarcane']
Andhra Pradesh,East Godavari,65.0,197.19,61.68,33.52,608.0,406.0,74.0,11.335,8.0,Loam,['Sesame']
Andhra Pradesh,East Godavari,65.0,197.19,61.68,33.52,608.0,406.0,74.0,9.405000000000001,9.0,Loam,['Pearl Millet']
Andhra Pradesh,East Godavari,65.0,197.19,61.68,33.52,608.0,406.0,74.0,9.010000000000002,10.0,Loam,['Fodder']
Andhra Pradesh,East Godavari,65.0,197.19,61.68,33.52,608.0,406.0,74.0,6.15,11.0,Loam,['Groundnut']
Andhra Pradesh,East Godavari,65.0,197.19,61.68,33.52,608.0,406.0,74.0,5.0,12.0,Loam,['Cotton']
Andhra Pradesh,East Godavari,65.0,197.19,61.68,33.52,608.0,406.0,74.0,4.4,13.0,Loam,['Pigeonpea']
Andhra Pradesh,East Godavari,65.0,197.19,61.68,33.52,608.0,406.0,74.0,3.475,14.0,Loam,['Maize']
Andhra Pradesh,East Godavari,65.0,197.19,61.68,33.52,608.0,406.0,74.0,1.875,15.0,Loam,['Other']
Andhra Pradesh,East Godavari,65.0,197.19,61.68,33.52,608.0,406.0,74.0,1.0,16.0,Loam,['Ragi']
Andhra Pradesh,East Godavari,65.0,197.19,61.68,33.52,608.0,406.0,74.0,0.395,17.0,Loam,['Onion']
Andhra Pradesh,East Godavari,65.0,197.19,61.68,33.52,608.0,406.0,74.0,0.1,18.0,Loam,['Chickpea']
Andhra Pradesh,East Godavari,65.0,197.19,61.68,33.52,608.0,406.0,74.0,0.02,19.0,Loam,['Castor']
Andhra Pradesh,East Godavari,65.0,197.19,61.68,33.52,608.0,406.0,74.0,0.0,20.0,Loam,['Barley']
Andhra Pradesh,East Godavari,65.0,197.19,61.68,33.52,608.0,406.0,74.0,0.0,20.0,Loam,['Linseed']
Andhra Pradesh,East Godavari,65.0,197.19,61.68,33.52,608.0,406.0,74.0,0.0,20.0,Loam,['Potato']
Andhra Pradesh,East Godavari,65.0,197.19,61.68,33.52,608.0,406.0,74.0,0.0,20.0,Loam,['Other']
Andhra Pradesh,East Godavari,65.0,197.19,61.68,33.52,608.0,406.0,74.0,0.0,20.0,Loam,['Safflower']
Andhra Pradesh,East Godavari,65.0,197.19,61.68,33.52,608.0,406.0,74.0,0.0,20.0,Loam,['Soyabean']
Andhra Pradesh,East Godavari,65.0,197.19,61.68,33.52,608.0,406.0,74.0,0.0,20.0,Loam,['Sunflower']
Andhra Pradesh,East Godavari,65.0,197.19,61.68,33.52,608.0,406.0,74.0,0.0,20.0,Loam,['Wheat']
Andhra Pradesh,East Godavari,35.0,197.19,61.68,33.52,608.0,406.0,74.0,382.245,1.0,Sandy,['Rice']
Andhra Pradesh,East Godavari,35.0,197.19,61.68,33.52,608.0,406.0,74.0,70.505,2.0,Sandy,['Other']
Andhra Pradesh,East Godavari,35.0,197.19,61.68,33.52,608.0,406.0,74.0,54.76,3.0,Sandy,['Other']
Andhra Pradesh,East Godavari,35.0,197.19,61.68,33.52,608.0,406.0,74.0,50.18,4.0,Sandy,['Fruits']
Andhra Pradesh,East Godavari,35.0,197.19,61.68,33.52,608.0,406.0,74.0,49.655,5.0,Sandy,['Other Pulse']
Andhra Pradesh,East Godavari,35.0,197.19,61.68,33.52,608.0,406.0,74.0,18.450000000000003,6.0,Sandy,['Vegetables']
Andhra Pradesh,East Godavari,35.0,197.19,61.68,33.52,608.0,406.0,74.0,16.0,7.0,Sandy,['Sugarcane']
Andhra Pradesh,East Godavari,35.0,197.19,61.68,33.52,608.0,406.0,74.0,11.335,8.0,Sandy,['Sesame']
Andhra Pradesh,East Godavari,35.0,197.19,61.68,33.52,608.0,406.0,74.0,9.405000000000001,9.0,Sandy,['Pearl Millet']
Andhra Pradesh,East Godavari,35.0,197.19,61.68,33.52,608.0,406.0,74.0,9.010000000000002,10.0,Sandy,['Fodder']
Andhra Pradesh,East Godavari,35.0,197.19,61.68,33.52,608.0,406.0,74.0,6.15,11.0,Sandy,['Groundnut']
Andhra Pradesh,East Godavari,35.0,197.19,61.68,33.52,608.0,406.0,74.0,5.0,12.0,Sandy,['Cotton']
Andhra Pradesh,East Godavari,35.0,197.19,61.68,33.52,608.0,406.0,74.0,4.4,13.0,Sandy,['Pigeonpea']
Andhra Pradesh,East Godavari,35.0,197.19,61.68,33.52,608.0,406.0,74.0,3.475,14.0,Sandy,['Maize']
Andhra Pradesh,East Godavari,35.0,197.19,61.68,33.52,608.0,406.0,74.0,1.875,15.0,Sandy,['Other']
Andhra Pradesh,East Godavari,35.0,197.19,61.68,33.52,608.0,406.0,74.0,1.0,16.0,Sandy,['Ragi']
Andhra Pradesh,East Godavari,35.0,197.19,61.68,33.52,608.0,406.0,74.0,0.395,17.0,Sandy,['Onion']
Andhra Pradesh,East Godavari,35.0,197.19,61.68,33.52,608.0,406.0,74.0,0.1,18.0,Sandy,['Chickpea']
Andhra Pradesh,East Godavari,35.0,197.19,61.68,33.52,608.0,406.0,74.0,0.02,19.0,Sandy,['Castor']
Andhra Pradesh,East Godavari,35.0,197.19,61.68,33.52,608.0,406.0,74.0,0.0,20.0,Sandy,['Barley']
Andhra Pradesh,East Godavari,35.0,197.19,61.68,33.52,608.0,406.0,74.0,0.0,20.0,Sandy,['Linseed']
Andhra Pradesh,East Godavari,35.0,197.19,61.68,33.52,608.0,406.0,74.0,0.0,20.0,Sandy,['Potato']
Andhra Pradesh,East Godavari,35.0,197.19,61.68,33.52,608.0,406.0,74.0,0.0,20.0,Sandy,['Other']
Andhra Pradesh,East Godavari,35.0,197.19,61.68,33.52,608.0,406.0,74.0,0.0,20.0,Sandy,['Safflower']
Andhra Pradesh,East Godavari,35.0,197.19,61.68,33.52,608.0,406.0,74.0,0.0,20.0,Sandy,['Soyabean']
Andhra Pradesh,East Godavari,35.0,197.19,61.68,33.52,608.0,406.0,74.0,0.0,20.0,Sandy,['Sunflower']
Andhra Pradesh,East Godavari,35.0,197.19,61.68,33.52,608.0,406.0,74.0,0.0,20.0,Sandy,['Wheat']
Andhra Pradesh,Guntur,40.0,159.58,70.83,21.92,468.0,181.0,55.0,359.0,1.0,Loam,['Rice']
Andhra Pradesh,Guntur,40.0,159.58,70.83,21.92,468.0,181.0,55.0,159.625,2.0,Loam,['Cotton']
Andhra Pradesh,Guntur,40.0,159.58,70.83,21.92,468.0,181.0,55.0,120.405,3.0,Loam,['Other Pulse']
Andhra Pradesh,Guntur,40.0,159.58,70.83,21.92,468.0,181.0,55.0,57.845,4.0,Loam,['Fodder']
Andhra Pradesh,Guntur,40.0,159.58,70.83,21.92,468.0,181.0,55.0,57.0,5.0,Loam,['Other']
Andhra Pradesh,Guntur,40.0,159.58,70.83,21.92,468.0,181.0,55.0,37.254999999999995,6.0,Loam,['Other']
Andhra Pradesh,Guntur,40.0,159.58,70.83,21.92,468.0,181.0,55.0,29.75,7.0,Loam,['Pigeonpea']
Andhra Pradesh,Guntur,40.0,159.58,70.83,21.92,468.0,181.0,55.0,27.310000000000002,8.0,Loam,['Groundnut']
Andhra Pradesh,Guntur,40.0,159.58,70.83,21.92,468.0,181.0,55.0,27.175,9.0,Loam,['Other']
Andhra Pradesh,Guntur,40.0,159.58,70.83,21.92,468.0,181.0,55.0,15.715,10.0,Loam,['Pearl Millet']
Andhra Pradesh,Guntur,40.0,159.58,70.83,21.92,468.0,181.0,55.0,14.260000000000002,11.0,Loam,['Fruits']
Andhra Pradesh,Guntur,40.0,159.58,70.83,21.92,468.0,181.0,55.0,12.844999999999999,12.0,Loam,['Vegetables']
Andhra Pradesh,Guntur,40.0,159.58,70.83,21.92,468.0,181.0,55.0,12.6,13.0,Loam,['Sesame']
Andhra Pradesh,Guntur,40.0,159.58,70.83,21.92,468.0,181.0,55.0,10.42,14.0,Loam,['Castor']
Andhra Pradesh,Guntur,40.0,159.58,70.83,21.92,468.0,181.0,55.0,8.375,15.0,Loam,['Maize']
Andhra Pradesh,Guntur,40.0,159.58,70.83,21.92,468.0,181.0,55.0,7.07,16.0,Loam,['Chickpea']
Andhra Pradesh,Guntur,40.0,159.58,70.83,21.92,468.0,181.0,55.0,3.6,17.0,Loam,['Ragi']
Andhra Pradesh,Guntur,40.0,159.58,70.83,21.92,468.0,181.0,55.0,2.98,18.0,Loam,['Sugarcane']
Andhra Pradesh,Guntur,40.0,159.58,70.83,21.92,468.0,181.0,55.0,1.1600000000000001,19.0,Loam,['Sunflower']
Andhra Pradesh,Guntur,40.0,159.58,70.83,21.92,468.0,181.0,55.0,0.905,20.0,Loam,['Onion']
Andhra Pradesh,Guntur,40.0,159.58,70.83,21.92,468.0,181.0,55.0,0.705,21.0,Loam,['Other']
Andhra Pradesh,Guntur,40.0,159.58,70.83,21.92,468.0,181.0,55.0,0.0,22.0,Loam,['Barley']
Andhra Pradesh,Guntur,40.0,159.58,70.83,21.92,468.0,181.0,55.0,0.0,22.0,Loam,['Linseed']
Andhra Pradesh,Guntur,40.0,159.58,70.83,21.92,468.0,181.0,55.0,0.0,22.0,Loam,['Potato']
Andhra Pradesh,Guntur,40.0,159.58,70.83,21.92,468.0,181.0,55.0,0.0,22.0,Loam,['Safflower']
Andhra Pradesh,Guntur,40.0,159.58,70.83,21.92,468.0,181.0,55.0,0.0,22.0,Loam,['Soyabean']
Andhra Pradesh,Guntur,40.0,159.58,70.83,21.92,468.0,181.0,55.0,0.0,22.0,Loam,['Wheat']
Andhra Pradesh,Guntur,30.0,159.58,70.83,21.92,468.0,181.0,55.0,359.0,1.0,Black,['Rice']
Andhra Pradesh,Guntur,30.0,159.58,70.83,21.92,468.0,181.0,55.0,159.625,2.0,Black,['Cotton']
Andhra Pradesh,Guntur,30.0,159.58,70.83,21.92,468.0,181.0,55.0,120.405,3.0,Black,['Other Pulse']
Andhra Pradesh,Guntur,30.0,159.58,70.83,21.92,468.0,181.0,55.0,57.845,4.0,Black,['Fodder']
Andhra Pradesh,Guntur,30.0,159.58,70.83,21.92,468.0,181.0,55.0,57.0,5.0,Black,['Other']
Andhra Pradesh,Guntur,30.0,159.58,70.83,21.92,468.0,181.0,55.0,37.254999999999995,6.0,Black,['Other']
Andhra Pradesh,Guntur,30.0,159.58,70.83,21.92,468.0,181.0,55.0,29.75,7.0,Black,['Pigeonpea']
Andhra Pradesh,Guntur,30.0,159.58,70.83,21.92,468.0,181.0,55.0,27.310000000000002,8.0,Black,['Groundnut']
Andhra Pradesh,Guntur,30.0,159.58,70.83,21.92,468.0,181.0,55.0,27.175,9.0,Black,['Other']
Andhra Pradesh,Guntur,30.0,159.58,70.83,21.92,468.0,181.0,55.0,15.715,10.0,Black,['Pearl Millet']
Andhra Pradesh,Guntur,30.0,159.58,70.83,21.92,468.0,181.0,55.0,14.260000000000002,11.0,Black,['Fruits']
Andhra Pradesh,Guntur,30.0,159.58,70.83,21.92,468.0,181.0,55.0,12.844999999999999,12.0,Black,['Vegetables']
Andhra Pradesh,Guntur,30.0,159.58,70.83,21.92,468.0,181.0,55.0,12.6,13.0,Black,['Sesame']
Andhra Pradesh,Guntur,30.0,159.58,70.83,21.92,468.0,181.0,55.0,10.42,14.0,Black,['Castor']
Andhra Pradesh,Guntur,30.0,159.58,70.83,21.92,468.0,181.0,55.0,8.375,15.0,Black,['Maize']
Andhra Pradesh,Guntur,30.0,159.58,70.83,21.92,468.0,181.0,55.0,7.07,16.0,Black,['Chickpea']
Andhra Pradesh,Guntur,30.0,159.58,70.83,21.92,468.0,181.0,55.0,3.6,17.0,Black,['Ragi']
Andhra Pradesh,Guntur,30.0,159.58,70.83,21.92,468.0,181.0,55.0,2.98,18.0,Black,['Sugarcane']
Andhra Pradesh,Guntur,30.0,159.58,70.83,21.92,468.0,181.0,55.0,1.1600000000000001,19.0,Black,['Sunflower']
Andhra Pradesh,Guntur,30.0,159.58,70.83,21.92,468.0,181.0,55.0,0.905,20.0,Black,['Onion']
Andhra Pradesh,Guntur,30.0,159.58,70.83,21.92,468.0,181.0,55.0,0.705,21.0,Black,['Other']
Andhra Pradesh,Guntur,30.0,159.58,70.83,21.92,468.0,181.0,55.0,0.0,22.0,Black,['Barley']
Andhra Pradesh,Guntur,30.0,159.58,70.83,21.92,468.0,181.0,55.0,0.0,22.0,Black,['Linseed']
Andhra Pradesh,Guntur,30.0,159.58,70.83,21.92,468.0,181.0,55.0,0.0,22.0,Black,['Potato']
Andhra Pradesh,Guntur,30.0,159.58,70.83,21.92,468.0,181.0,55.0,0.0,22.0,Black,['Safflower']
Andhra Pradesh,Guntur,30.0,159.58,70.83,21.92,468.0,181.0,55.0,0.0,22.0,Black,['Soyabean']
Andhra Pradesh,Guntur,30.0,159.58,70.83,21.92,468.0,181.0,55.0,0.0,22.0,Black,['Wheat']
Andhra Pradesh,Guntur,30.0,159.58,70.83,21.92,468.0,181.0,55.0,359.0,1.0,Sandy,['Rice']
Andhra Pradesh,Guntur,30.0,159.58,70.83,21.92,468.0,181.0,55.0,159.625,2.0,Sandy,['Cotton']
Andhra Pradesh,Guntur,30.0,159.58,70.83,21.92,468.0,181.0,55.0,120.405,3.0,Sandy,['Other Pulse']
Andhra Pradesh,Guntur,30.0,159.58,70.83,21.92,468.0,181.0,55.0,57.845,4.0,Sandy,['Fodder']
Andhra Pradesh,Guntur,30.0,159.58,70.83,21.92,468.0,181.0,55.0,57.0,5.0,Sandy,['Other']
Andhra Pradesh,Guntur,30.0,159.58,70.83,21.92,468.0,181.0,55.0,37.254999999999995,6.0,Sandy,['Other']
Andhra Pradesh,Guntur,30.0,159.58,70.83,21.92,468.0,181.0,55.0,29.75,7.0,Sandy,['Pigeonpea']
Andhra Pradesh,Guntur,30.0,159.58,70.83,21.92,468.0,181.0,55.0,27.310000000000002,8.0,Sandy,['Groundnut']
Andhra Pradesh,Guntur,30.0,159.58,70.83,21.92,468.0,181.0,55.0,27.175,9.0,Sandy,['Other']
Andhra Pradesh,Guntur,30.0,159.58,70.83,21.92,468.0,181.0,55.0,15.715,10.0,Sandy,['Pearl Millet']
Andhra Pradesh,Guntur,30.0,159.58,70.83,21.92,468.0,181.0,55.0,14.260000000000002,11.0,Sandy,['Fruits']
Andhra Pradesh,Guntur,30.0,159.58,70.83,21.92,468.0,181.0,55.0,12.844999999999999,12.0,Sandy,['Vegetables']
Andhra Pradesh,Guntur,30.0,159.58,70.83,21.92,468.0,181.0,55.0,12.6,13.0,Sandy,['Sesame']
Andhra Pradesh,Guntur,30.0,159.58,70.83,21.92,468.0,181.0,55.0,10.42,14.0,Sandy,['Castor']
Andhra Pradesh,Guntur,30.0,159.58,70.83,21.92,468.0,181.0,55.0,8.375,15.0,Sandy,['Maize']
Andhra Pradesh,Guntur,30.0,159.58,70.83,21.92,468.0,181.0,55.0,7.07,16.0,Sandy,['Chickpea']
Andhra Pradesh,Guntur,30.0,159.58,70.83,21.92,468.0,181.0,55.0,3.6,17.0,Sandy,['Ragi']
Andhra Pradesh,Guntur,30.0,159.58,70.83,21.92,468.0,181.0,55.0,2.98,18.0,Sandy,['Sugarcane']
Andhra Pradesh,Guntur,30.0,159.58,70.83,21.92,468.0,181.0,55.0,1.1600000000000001,19.0,Sandy,['Sunflower']
Andhra Pradesh,Guntur,30.0,159.58,70.83,21.92,468.0,181.0,55.0,0.905,20.0,Sandy,['Onion']
Andhra Pradesh,Guntur,30.0,159.58,70.83,21.92,468.0,181.0,55.0,0.705,21.0,Sandy,['Other']
Andhra Pradesh,Guntur,30.0,159.58,70.83,21.92,468.0,181.0,55.0,0.0,22.0,Sandy,['Barley']
Andhra Pradesh,Guntur,30.0,159.58,70.83,21.92,468.0,181.0,55.0,0.0,22.0,Sandy,['Linseed']
Andhra Pradesh,Guntur,30.0,159.58,70.83,21.92,468.0,181.0,55.0,0.0,22.0,Sandy,['Potato']
Andhra Pradesh,Guntur,30.0,159.58,70.83,21.92,468.0,181.0,55.0,0.0,22.0,Sandy,['Safflower']
Andhra Pradesh,Guntur,30.0,159.58,70.83,21.92,468.0,181.0,55.0,0.0,22.0,Sandy,['Soyabean']
Andhra Pradesh,Guntur,30.0,159.58,70.83,21.92,468.0,181.0,55.0,0.0,22.0,Sandy,['Wheat']
Andhra Pradesh,Kadapa,100.0,81.59,43.11,12.22,455.0,235.0,58.0,153.275,1.0,Sandy,['Other']
Andhra Pradesh,Kadapa,100.0,81.59,43.11,12.22,455.0,235.0,58.0,134.3,2.0,Sandy,['Groundnut']
Andhra Pradesh,Kadapa,100.0,81.59,43.11,12.22,455.0,235.0,58.0,62.635000000000005,3.0,Sandy,['Rice']
Andhra Pradesh,Kadapa,100.0,81.59,43.11,12.22,455.0,235.0,58.0,25.725,4.0,Sandy,['Other']
Andhra Pradesh,Kadapa,100.0,81.59,43.11,12.22,455.0,235.0,58.0,22.075,5.0,Sandy,['Other']
Andhra Pradesh,Kadapa,100.0,81.59,43.11,12.22,455.0,235.0,58.0,20.509999999999998,6.0,Sandy,['Fruits']
Andhra Pradesh,Kadapa,100.0,81.59,43.11,12.22,455.0,235.0,58.0,12.25,7.0,Sandy,['Cotton']
Andhra Pradesh,Kadapa,100.0,81.59,43.11,12.22,455.0,235.0,58.0,9.16,8.0,Sandy,['Other Pulse']
Andhra Pradesh,Kadapa,100.0,81.59,43.11,12.22,455.0,235.0,58.0,9.095,9.0,Sandy,['Sunflower']
Andhra Pradesh,Kadapa,100.0,81.59,43.11,12.22,455.0,235.0,58.0,7.455,10.0,Sandy,['Pearl Millet']
Andhra Pradesh,Kadapa,100.0,81.59,43.11,12.22,455.0,235.0,58.0,7.26,11.0,Sandy,['Pigeonpea']
Andhra Pradesh,Kadapa,100.0,81.59,43.11,12.22,455.0,235.0,58.0,5.35,12.0,Sandy,['Chickpea']
Andhra Pradesh,Kadapa,100.0,81.59,43.11,12.22,455.0,235.0,58.0,4.87,13.0,Sandy,['Vegetables']
Andhra Pradesh,Kadapa,100.0,81.59,43.11,12.22,455.0,235.0,58.0,4.0,14.0,Sandy,['Sesame']
Andhra Pradesh,Kadapa,100.0,81.59,43.11,12.22,455.0,235.0,58.0,2.91,15.0,Sandy,['Onion']
Andhra Pradesh,Kadapa,100.0,81.59,43.11,12.22,455.0,235.0,58.0,2.1399999999999997,16.0,Sandy,['Ragi']
Andhra Pradesh,Kadapa,100.0,81.59,43.11,12.22,455.0,235.0,58.0,1.0,17.0,Sandy,['Sugarcane']
Andhra Pradesh,Kadapa,100.0,81.59,43.11,12.22,455.0,235.0,58.0,0.925,18.0,Sandy,['Castor']
Andhra Pradesh,Kadapa,100.0,81.59,43.11,12.22,455.0,235.0,58.0,0.63,19.0,Sandy,['Fodder']
Andhra Pradesh,Kadapa,100.0,81.59,43.11,12.22,455.0,235.0,58.0,0.32999999999999996,20.0,Sandy,['Safflower']
Andhra Pradesh,Kadapa,100.0,81.59,43.11,12.22,455.0,235.0,58.0,0.1,21.0,Sandy,['Maize']
Andhra Pradesh,Kadapa,100.0,81.59,43.11,12.22,455.0,235.0,58.0,0.1,21.0,Sandy,['Wheat']
Andhra Pradesh,Kadapa,100.0,81.59,43.11,12.22,455.0,235.0,58.0,0.0,22.0,Sandy,['Barley']
Andhra Pradesh,Kadapa,100.0,81.59,43.11,12.22,455.0,235.0,58.0,0.0,22.0,Sandy,['Linseed']
Andhra Pradesh,Kadapa,100.0,81.59,43.11,12.22,455.0,235.0,58.0,0.0,22.0,Sandy,['Potato']
Andhra Pradesh,Kadapa,100.0,81.59,43.11,12.22,455.0,235.0,58.0,0.0,22.0,Sandy,['Other']
Andhra Pradesh,Kadapa,100.0,81.59,43.11,12.22,455.0,235.0,58.0,0.0,22.0,Sandy,['Soyabean']
Andhra Pradesh,Krishna,50.0,205.33,83.48,42.48,585.0,410.0,70.0,369.85,1.0,Loam,['Rice']
Andhra Pradesh,Krishna,50.0,205.33,83.48,42.48,585.0,410.0,70.0,138.465,2.0,Loam,['Other Pulse']
Andhra Pradesh,Krishna,50.0,205.33,83.48,42.48,585.0,410.0,70.0,59.72,3.0,Loam,['Other']
Andhra Pradesh,Krishna,50.0,205.33,83.48,42.48,585.0,410.0,70.0,53.72,4.0,Loam,['Fruits']
Andhra Pradesh,Krishna,50.0,205.33,83.48,42.48,585.0,410.0,70.0,28.564999999999998,5.0,Loam,['Other']
Andhra Pradesh,Krishna,50.0,205.33,83.48,42.48,585.0,410.0,70.0,25.1,6.0,Loam,['Groundnut']
Andhra Pradesh,Krishna,50.0,205.33,83.48,42.48,585.0,410.0,70.0,17.05,7.0,Loam,['Cotton']
Andhra Pradesh,Krishna,50.0,205.33,83.48,42.48,585.0,410.0,70.0,15.295,8.0,Loam,['Sugarcane']
Andhra Pradesh,Krishna,50.0,205.33,83.48,42.48,585.0,410.0,70.0,14.41,9.0,Loam,['Fodder']
Andhra Pradesh,Krishna,50.0,205.33,83.48,42.48,585.0,410.0,70.0,5.6,10.0,Loam,['Vegetables']
Andhra Pradesh,Krishna,50.0,205.33,83.48,42.48,585.0,410.0,70.0,4.95,11.0,Loam,['Pigeonpea']
Andhra Pradesh,Krishna,50.0,205.33,83.48,42.48,585.0,410.0,70.0,2.8,12.0,Loam,['Other']
Andhra Pradesh,Krishna,50.0,205.33,83.48,42.48,585.0,410.0,70.0,2.7,13.0,Loam,['Maize']
Andhra Pradesh,Krishna,50.0,205.33,83.48,42.48,585.0,410.0,70.0,2.0,14.0,Loam,['Sesame']
Andhra Pradesh,Krishna,50.0,205.33,83.48,42.48,585.0,410.0,70.0,0.5449999999999999,15.0,Loam,['Chickpea']
Andhra Pradesh,Krishna,50.0,205.33,83.48,42.48,585.0,410.0,70.0,0.09,16.0,Loam,['Onion']
Andhra Pradesh,Krishna,50.0,205.33,83.48,42.48,585.0,410.0,70.0,0.08,17.0,Loam,['Other']
Andhra Pradesh,Krishna,50.0,205.33,83.48,42.48,585.0,410.0,70.0,0.01,18.0,Loam,['Sunflower']
Andhra Pradesh,Krishna,50.0,205.33,83.48,42.48,585.0,410.0,70.0,0.005,19.0,Loam,['Pearl Millet']
Andhra Pradesh,Krishna,50.0,205.33,83.48,42.48,585.0,410.0,70.0,0.0,20.0,Loam,['Barley']
Andhra Pradesh,Krishna,50.0,205.33,83.48,42.48,585.0,410.0,70.0,0.0,20.0,Loam,['Castor']
Andhra Pradesh,Krishna,50.0,205.33,83.48,42.48,585.0,410.0,70.0,0.0,20.0,Loam,['Ragi']
Andhra Pradesh,Krishna,50.0,205.33,83.48,42.48,585.0,410.0,70.0,0.0,20.0,Loam,['Linseed']
Andhra Pradesh,Krishna,50.0,205.33,83.48,42.48,585.0,410.0,70.0,0.0,20.0,Loam,['Potato']
Andhra Pradesh,Krishna,50.0,205.33,83.48,42.48,585.0,410.0,70.0,0.0,20.0,Loam,['Safflower']
Andhra Pradesh,Krishna,50.0,205.33,83.48,42.48,585.0,410.0,70.0,0.0,20.0,Loam,['Soyabean']
Andhra Pradesh,Krishna,50.0,205.33,83.48,42.48,585.0,410.0,70.0,0.0,20.0,Loam,['Wheat']
Andhra Pradesh,Krishna,50.0,205.33,83.48,42.48,585.0,410.0,70.0,369.85,1.0,Loam,['Rice']
Andhra Pradesh,Krishna,50.0,205.33,83.48,42.48,585.0,410.0,70.0,138.465,2.0,Loam,['Other Pulse']
Andhra Pradesh,Krishna,50.0,205.33,83.48,42.48,585.0,410.0,70.0,59.72,3.0,Loam,['Other']
Andhra Pradesh,Krishna,50.0,205.33,83.48,42.48,585.0,410.0,70.0,53.72,4.0,Loam,['Fruits']
Andhra Pradesh,Krishna,50.0,205.33,83.48,42.48,585.0,410.0,70.0,28.564999999999998,5.0,Loam,['Other']
Andhra Pradesh,Krishna,50.0,205.33,83.48,42.48,585.0,410.0,70.0,25.1,6.0,Loam,['Groundnut']
Andhra Pradesh,Krishna,50.0,205.33,83.48,42.48,585.0,410.0,70.0,17.05,7.0,Loam,['Cotton']
Andhra Pradesh,Krishna,50.0,205.33,83.48,42.48,585.0,410.0,70.0,15.295,8.0,Loam,['Sugarcane']
Andhra Pradesh,Krishna,50.0,205.33,83.48,42.48,585.0,410.0,70.0,14.41,9.0,Loam,['Fodder']
Andhra Pradesh,Krishna,50.0,205.33,83.48,42.48,585.0,410.0,70.0,5.6,10.0,Loam,['Vegetables']
Andhra Pradesh,Krishna,50.0,205.33,83.48,42.48,585.0,410.0,70.0,4.95,11.0,Loam,['Pigeonpea']
Andhra Pradesh,Krishna,50.0,205.33,83.48,42.48,585.0,410.0,70.0,2.8,12.0,Loam,['Other']
Andhra Pradesh,Krishna,50.0,205.33,83.48,42.48,585.0,410.0,70.0,2.7,13.0,Loam,['Maize']
Andhra Pradesh,Krishna,50.0,205.33,83.48,42.48,585.0,410.0,70.0,2.0,14.0,Loam,['Sesame']
Andhra Pradesh,Krishna,50.0,205.33,83.48,42.48,585.0,410.0,70.0,0.5449999999999999,15.0,Loam,['Chickpea']
Andhra Pradesh,Krishna,50.0,205.33,83.48,42.48,585.0,410.0,70.0,0.09,16.0,Loam,['Onion']
Andhra Pradesh,Krishna,50.0,205.33,83.48,42.48,585.0,410.0,70.0,0.08,17.0,Loam,['Other']
Andhra Pradesh,Krishna,50.0,205.33,83.48,42.48,585.0,410.0,70.0,0.01,18.0,Loam,['Sunflower']
Andhra Pradesh,Krishna,50.0,205.33,83.48,42.48,585.0,410.0,70.0,0.005,19.0,Loam,['Pearl Millet']
Andhra Pradesh,Krishna,50.0,205.33,83.48,42.48,585.0,410.0,70.0,0.0,20.0,Loam,['Barley']
Andhra Pradesh,Krishna,50.0,205.33,83.48,42.48,585.0,410.0,70.0,0.0,20.0,Loam,['Castor']
Andhra Pradesh,Krishna,50.0,205.33,83.48,42.48,585.0,410.0,70.0,0.0,20.0,Loam,['Ragi']
Andhra Pradesh,Krishna,50.0,205.33,83.48,42.48,585.0,410.0,70.0,0.0,20.0,Loam,['Linseed']
Andhra Pradesh,Krishna,50.0,205.33,83.48,42.48,585.0,410.0,70.0,0.0,20.0,Loam,['Potato']
Andhra Pradesh,Krishna,50.0,205.33,83.48,42.48,585.0,410.0,70.0,0.0,20.0,Loam,['Safflower']
Andhra Pradesh,Krishna,50.0,205.33,83.48,42.48,585.0,410.0,70.0,0.0,20.0,Loam,['Soyabean']
Andhra Pradesh,Krishna,50.0,205.33,83.48,42.48,585.0,410.0,70.0,0.0,20.0,Loam,['Wheat']
Andhra Pradesh,Kurnool,60.0,71.78,45.4,12.64,431.0,125.0,49.0,271.755,1.0,Sandy,['Other']
Andhra Pradesh,Kurnool,60.0,71.78,45.4,12.64,431.0,125.0,49.0,209.235,2.0,Sandy,['Groundnut']
Andhra Pradesh,Kurnool,60.0,71.78,45.4,12.64,431.0,125.0,49.0,157.38,3.0,Sandy,['Other']
Andhra Pradesh,Kurnool,60.0,71.78,45.4,12.64,431.0,125.0,49.0,105.68,4.0,Sandy,['Rice']
Andhra Pradesh,Kurnool,60.0,71.78,45.4,12.64,431.0,125.0,49.0,102.15,5.0,Sandy,['Cotton']
Andhra Pradesh,Kurnool,60.0,71.78,45.4,12.64,431.0,125.0,49.0,34.144999999999996,6.0,Sandy,['Sunflower']
Andhra Pradesh,Kurnool,60.0,71.78,45.4,12.64,431.0,125.0,49.0,31.775,7.0,Sandy,['Other']
Andhra Pradesh,Kurnool,60.0,71.78,45.4,12.64,431.0,125.0,49.0,28.479999999999997,8.0,Sandy,['Pigeonpea']
Andhra Pradesh,Kurnool,60.0,71.78,45.4,12.64,431.0,125.0,49.0,24.064999999999998,9.0,Sandy,['Vegetables']
Andhra Pradesh,Kurnool,60.0,71.78,45.4,12.64,431.0,125.0,49.0,23.445,10.0,Sandy,['Chickpea']
Andhra Pradesh,Kurnool,60.0,71.78,45.4,12.64,431.0,125.0,49.0,23.32,11.0,Sandy,['Pearl Millet']
Andhra Pradesh,Kurnool,60.0,71.78,45.4,12.64,431.0,125.0,49.0,19.05,12.0,Sandy,['Other Pulse']
Andhra Pradesh,Kurnool,60.0,71.78,45.4,12.64,431.0,125.0,49.0,6.585,13.0,Sandy,['Fruits']
Andhra Pradesh,Kurnool,60.0,71.78,45.4,12.64,431.0,125.0,49.0,6.095000000000001,14.0,Sandy,['Onion']
Andhra Pradesh,Kurnool,60.0,71.78,45.4,12.64,431.0,125.0,49.0,5.8,15.0,Sandy,['Castor']
Andhra Pradesh,Kurnool,60.0,71.78,45.4,12.64,431.0,125.0,49.0,5.225,16.0,Sandy,['Fodder']
Andhra Pradesh,Kurnool,60.0,71.78,45.4,12.64,431.0,125.0,49.0,3.24,17.0,Sandy,['Safflower']
Andhra Pradesh,Kurnool,60.0,71.78,45.4,12.64,431.0,125.0,49.0,2.035,18.0,Sandy,['Sesame']
Andhra Pradesh,Kurnool,60.0,71.78,45.4,12.64,431.0,125.0,49.0,1.9,19.0,Sandy,['Maize']
Andhra Pradesh,Kurnool,60.0,71.78,45.4,12.64,431.0,125.0,49.0,1.6749999999999998,20.0,Sandy,['Ragi']
Andhra Pradesh,Kurnool,60.0,71.78,45.4,12.64,431.0,125.0,49.0,1.0,21.0,Sandy,['Wheat']
Andhra Pradesh,Kurnool,60.0,71.78,45.4,12.64,431.0,125.0,49.0,0.7,22.0,Sandy,['Sugarcane']
Andhra Pradesh,Kurnool,60.0,71.78,45.4,12.64,431.0,125.0,49.0,0.125,23.0,Sandy,['Other']
Andhra Pradesh,Kurnool,60.0,71.78,45.4,12.64,431.0,125.0,49.0,0.0,24.0,Sandy,['Barley']
Andhra Pradesh,Kurnool,60.0,71.78,45.4,12.64,431.0,125.0,49.0,0.0,24.0,Sandy,['Linseed']
Andhra Pradesh,Kurnool,60.0,71.78,45.4,12.64,431.0,125.0,49.0,0.0,24.0,Sandy,['Potato']
Andhra Pradesh,Kurnool,60.0,71.78,45.4,12.64,431.0,125.0,49.0,0.0,24.0,Sandy,['Soyabean']
Andhra Pradesh,Kurnool,40.0,71.78,45.4,12.64,431.0,125.0,49.0,271.755,1.0,Other,['Other']
Andhra Pradesh,Kurnool,40.0,71.78,45.4,12.64,431.0,125.0,49.0,209.235,2.0,Other,['Groundnut']
Andhra Pradesh,Kurnool,40.0,71.78,45.4,12.64,431.0,125.0,49.0,157.38,3.0,Other,['Other']
Andhra Pradesh,Kurnool,40.0,71.78,45.4,12.64,431.0,125.0,49.0,105.68,4.0,Other,['Rice']
Andhra Pradesh,Kurnool,40.0,71.78,45.4,12.64,431.0,125.0,49.0,102.15,5.0,Other,['Cotton']
Andhra Pradesh,Kurnool,40.0,71.78,45.4,12.64,431.0,125.0,49.0,34.144999999999996,6.0,Other,['Sunflower']
Andhra Pradesh,Kurnool,40.0,71.78,45.4,12.64,431.0,125.0,49.0,31.775,7.0,Other,['Other']
Andhra Pradesh,Kurnool,40.0,71.78,45.4,12.64,431.0,125.0,49.0,28.479999999999997,8.0,Other,['Pigeonpea']
Andhra Pradesh,Kurnool,40.0,71.78,45.4,12.64,431.0,125.0,49.0,24.064999999999998,9.0,Other,['Vegetables']
Andhra Pradesh,Kurnool,40.0,71.78,45.4,12.64,431.0,125.0,49.0,23.445,10.0,Other,['Chickpea']
Andhra Pradesh,Kurnool,40.0,71.78,45.4,12.64,431.0,125.0,49.0,23.32,11.0,Other,['Pearl Millet']
Andhra Pradesh,Kurnool,40.0,71.78,45.4,12.64,431.0,125.0,49.0,19.05,12.0,Other,['Other Pulse']
Andhra Pradesh,Kurnool,40.0,71.78,45.4,12.64,431.0,125.0,49.0,6.585,13.0,Other,['Fruits']
Andhra Pradesh,Kurnool,40.0,71.78,45.4,12.64,431.0,125.0,49.0,6.095000000000001,14.0,Other,['Onion']
Andhra Pradesh,Kurnool,40.0,71.78,45.4,12.64,431.0,125.0,49.0,5.8,15.0,Other,['Castor']
Andhra Pradesh,Kurnool,40.0,71.78,45.4,12.64,431.0,125.0,49.0,5.225,16.0,Other,['Fodder']
Andhra Pradesh,Kurnool,40.0,71.78,45.4,12.64,431.0,125.0,49.0,3.24,17.0,Other,['Safflower']
Andhra Pradesh,Kurnool,40.0,71.78,45.4,12.64,431.0,125.0,49.0,2.035,18.0,Other,['Sesame']
Andhra Pradesh,Kurnool,40.0,71.78,45.4,12.64,431.0,125.0,49.0,1.9,19.0,Other,['Maize']
Andhra Pradesh,Kurnool,40.0,71.78,45.4,12.64,431.0,125.0,49.0,1.6749999999999998,20.0,Other,['Ragi']
Andhra Pradesh,Kurnool,40.0,71.78,45.4,12.64,431.0,125.0,49.0,1.0,21.0,Other,['Wheat']
Andhra Pradesh,Kurnool,40.0,71.78,45.4,12.64,431.0,125.0,49.0,0.7,22.0,Other,['Sugarcane']
Andhra Pradesh,Kurnool,40.0,71.78,45.4,12.64,431.0,125.0,49.0,0.125,23.0,Other,['Other']
Andhra Pradesh,Kurnool,40.0,71.78,45.4,12.64,431.0,125.0,49.0,0.0,24.0,Other,['Barley']
Andhra Pradesh,Kurnool,40.0,71.78,45.4,12.64,431.0,125.0,49.0,0.0,24.0,Other,['Linseed']
Andhra Pradesh,Kurnool,40.0,71.78,45.4,12.64,431.0,125.0,49.0,0.0,24.0,Other,['Potato']
Andhra Pradesh,Kurnool,40.0,71.78,45.4,12.64,431.0,125.0,49.0,0.0,24.0,Other,['Soyabean']
Andhra Pradesh,Nellore,60.0,151.17,54.22,18.76,294.0,710.0,54.0,254.13,1.0,Loam,['Rice']
Andhra Pradesh,Nellore,60.0,151.17,54.22,18.76,294.0,710.0,54.0,48.144999999999996,2.0,Loam,['Other']
Andhra Pradesh,Nellore,60.0,151.17,54.22,18.76,294.0,710.0,54.0,29.92,3.0,Loam,['Other Pulse']
Andhra Pradesh,Nellore,60.0,151.17,54.22,18.76,294.0,710.0,54.0,25.455,4.0,Loam,['Other']
Andhra Pradesh,Nellore,60.0,151.17,54.22,18.76,294.0,710.0,54.0,22.549999999999997,5.0,Loam,['Groundnut']
Andhra Pradesh,Nellore,60.0,151.17,54.22,18.76,294.0,710.0,54.0,20.53,6.0,Loam,['Fruits']
Andhra Pradesh,Nellore,60.0,151.17,54.22,18.76,294.0,710.0,54.0,20.355,7.0,Loam,['Cotton']
Andhra Pradesh,Nellore,60.0,151.17,54.22,18.76,294.0,710.0,54.0,19.82,8.0,Loam,['Other']
Andhra Pradesh,Nellore,60.0,151.17,54.22,18.76,294.0,710.0,54.0,16.299999999999997,9.0,Loam,['Fodder']
Andhra Pradesh,Nellore,60.0,151.17,54.22,18.76,294.0,710.0,54.0,16.22,10.0,Loam,['Pearl Millet']
Andhra Pradesh,Nellore,60.0,151.17,54.22,18.76,294.0,710.0,54.0,12.739999999999998,11.0,Loam,['Pigeonpea']
Andhra Pradesh,Nellore,60.0,151.17,54.22,18.76,294.0,710.0,54.0,6.915,12.0,Loam,['Sesame']
Andhra Pradesh,Nellore,60.0,151.17,54.22,18.76,294.0,710.0,54.0,6.44,13.0,Loam,['Ragi']
Andhra Pradesh,Nellore,60.0,151.17,54.22,18.76,294.0,710.0,54.0,6.0,14.0,Loam,['Castor']
Andhra Pradesh,Nellore,60.0,151.17,54.22,18.76,294.0,710.0,54.0,4.52,15.0,Loam,['Vegetables']
Andhra Pradesh,Nellore,60.0,151.17,54.22,18.76,294.0,710.0,54.0,3.38,16.0,Loam,['Sugarcane']
Andhra Pradesh,Nellore,60.0,151.17,54.22,18.76,294.0,710.0,54.0,2.32,17.0,Loam,['Maize']
Andhra Pradesh,Nellore,60.0,151.17,54.22,18.76,294.0,710.0,54.0,1.76,18.0,Loam,['Sunflower']
Andhra Pradesh,Nellore,60.0,151.17,54.22,18.76,294.0,710.0,54.0,1.425,19.0,Loam,['Chickpea']
Andhra Pradesh,Nellore,60.0,151.17,54.22,18.76,294.0,710.0,54.0,0.14,20.0,Loam,['Onion']
Andhra Pradesh,Nellore,60.0,151.17,54.22,18.76,294.0,710.0,54.0,0.0,21.0,Loam,['Barley']
Andhra Pradesh,Nellore,60.0,151.17,54.22,18.76,294.0,710.0,54.0,0.0,21.0,Loam,['Linseed']
Andhra Pradesh,Nellore,60.0,151.17,54.22,18.76,294.0,710.0,54.0,0.0,21.0,Loam,['Potato']
Andhra Pradesh,Nellore,60.0,151.17,54.22,18.76,294.0,710.0,54.0,0.0,21.0,Loam,['Other']
Andhra Pradesh,Nellore,60.0,151.17,54.22,18.76,294.0,710.0,54.0,0.0,21.0,Loam,['Safflower']
Andhra Pradesh,Nellore,60.0,151.17,54.22,18.76,294.0,710.0,54.0,0.0,21.0,Loam,['Soyabean']
Andhra Pradesh,Nellore,60.0,151.17,54.22,18.76,294.0,710.0,54.0,0.0,21.0,Loam,['Wheat']
Andhra Pradesh,Nellore,40.0,151.17,54.22,18.76,294.0,710.0,54.0,254.13,1.0,Sandy,['Rice']
Andhra Pradesh,Nellore,40.0,151.17,54.22,18.76,294.0,710.0,54.0,48.144999999999996,2.0,Sandy,['Other']
Andhra Pradesh,Nellore,40.0,151.17,54.22,18.76,294.0,710.0,54.0,29.92,3.0,Sandy,['Other Pulse']
Andhra Pradesh,Nellore,40.0,151.17,54.22,18.76,294.0,710.0,54.0,25.455,4.0,Sandy,['Other']
Andhra Pradesh,Nellore,40.0,151.17,54.22,18.76,294.0,710.0,54.0,22.549999999999997,5.0,Sandy,['Groundnut']
Andhra Pradesh,Nellore,40.0,151.17,54.22,18.76,294.0,710.0,54.0,20.53,6.0,Sandy,['Fruits']
Andhra Pradesh,Nellore,40.0,151.17,54.22,18.76,294.0,710.0,54.0,20.355,7.0,Sandy,['Cotton']
Andhra Pradesh,Nellore,40.0,151.17,54.22,18.76,294.0,710.0,54.0,19.82,8.0,Sandy,['Other']
Andhra Pradesh,Nellore,40.0,151.17,54.22,18.76,294.0,710.0,54.0,16.299999999999997,9.0,Sandy,['Fodder']
Andhra Pradesh,Nellore,40.0,151.17,54.22,18.76,294.0,710.0,54.0,16.22,10.0,Sandy,['Pearl Millet']
Andhra Pradesh,Nellore,40.0,151.17,54.22,18.76,294.0,710.0,54.0,12.739999999999998,11.0,Sandy,['Pigeonpea']
Andhra Pradesh,Nellore,40.0,151.17,54.22,18.76,294.0,710.0,54.0,6.915,12.0,Sandy,['Sesame']
Andhra Pradesh,Nellore,40.0,151.17,54.22,18.76,294.0,710.0,54.0,6.44,13.0,Sandy,['Ragi']
Andhra Pradesh,Nellore,40.0,151.17,54.22,18.76,294.0,710.0,54.0,6.0,14.0,Sandy,['Castor']
Andhra Pradesh,Nellore,40.0,151.17,54.22,18.76,294.0,710.0,54.0,4.52,15.0,Sandy,['Vegetables']
Andhra Pradesh,Nellore,40.0,151.17,54.22,18.76,294.0,710.0,54.0,3.38,16.0,Sandy,['Sugarcane']
Andhra Pradesh,Nellore,40.0,151.17,54.22,18.76,294.0,710.0,54.0,2.32,17.0,Sandy,['Maize']
Andhra Pradesh,Nellore,40.0,151.17,54.22,18.76,294.0,710.0,54.0,1.76,18.0,Sandy,['Sunflower']
Andhra Pradesh,Nellore,40.0,151.17,54.22,18.76,294.0,710.0,54.0,1.425,19.0,Sandy,['Chickpea']
Andhra Pradesh,Nellore,40.0,151.17,54.22,18.76,294.0,710.0,54.0,0.14,20.0,Sandy,['Onion']
Andhra Pradesh,Nellore,40.0,151.17,54.22,18.76,294.0,710.0,54.0,0.0,21.0,Sandy,['Barley']
Andhra Pradesh,Nellore,40.0,151.17,54.22,18.76,294.0,710.0,54.0,0.0,21.0,Sandy,['Linseed']
Andhra Pradesh,Nellore,40.0,151.17,54.22,18.76,294.0,710.0,54.0,0.0,21.0,Sandy,['Potato']
Andhra Pradesh,Nellore,40.0,151.17,54.22,18.76,294.0,710.0,54.0,0.0,21.0,Sandy,['Other']
Andhra Pradesh,Nellore,40.0,151.17,54.22,18.76,294.0,710.0,54.0,0.0,21.0,Sandy,['Safflower']
Andhra Pradesh,Nellore,40.0,151.17,54.22,18.76,294.0,710.0,54.0,0.0,21.0,Sandy,['Soyabean']
Andhra Pradesh,Nellore,40.0,151.17,54.22,18.76,294.0,710.0,54.0,0.0,21.0,Sandy,['Wheat']
Andhra Pradesh,Prakasam,70.0,106.01,59.49,13.72,404.0,375.0,69.0,,,Other,['Other']
Andhra Pradesh,Prakasam,30.0,106.01,59.49,13.72,404.0,375.0,69.0,,,Loam,['Other']
Andhra Pradesh,Srikakulam,100.0,82.67,22.64,7.86,699.0,311.0,94.0,270.16499999999996,1.0,Loam,['Rice']
Andhra Pradesh,Srikakulam,100.0,82.67,22.64,7.86,699.0,311.0,94.0,90.68,2.0,Loam,['Other Pulse']
Andhra Pradesh,Srikakulam,100.0,82.67,22.64,7.86,699.0,311.0,94.0,86.19,3.0,Loam,['Other']
Andhra Pradesh,Srikakulam,100.0,82.67,22.64,7.86,699.0,311.0,94.0,65.94999999999999,4.0,Loam,['Groundnut']
Andhra Pradesh,Srikakulam,100.0,82.67,22.64,7.86,699.0,311.0,94.0,33.51,5.0,Loam,['Other']
Andhra Pradesh,Srikakulam,100.0,82.67,22.64,7.86,699.0,311.0,94.0,27.405,6.0,Loam,['Fruits']
Andhra Pradesh,Srikakulam,100.0,82.67,22.64,7.86,699.0,311.0,94.0,22.83,7.0,Loam,['Ragi']
Andhra Pradesh,Srikakulam,100.0,82.67,22.64,7.86,699.0,311.0,94.0,12.25,8.0,Loam,['Sesame']
Andhra Pradesh,Srikakulam,100.0,82.67,22.64,7.86,699.0,311.0,94.0,10.0,9.0,Loam,['Sugarcane']
Andhra Pradesh,Srikakulam,100.0,82.67,22.64,7.86,699.0,311.0,94.0,7.24,10.0,Loam,['Pearl Millet']
Andhra Pradesh,Srikakulam,100.0,82.67,22.64,7.86,699.0,311.0,94.0,5.51,11.0,Loam,['Vegetables']
Andhra Pradesh,Srikakulam,100.0,82.67,22.64,7.86,699.0,311.0,94.0,3.02,12.0,Loam,['Other']
Andhra Pradesh,Srikakulam,100.0,82.67,22.64,7.86,699.0,311.0,94.0,1.955,13.0,Loam,['Pigeonpea']
Andhra Pradesh,Srikakulam,100.0,82.67,22.64,7.86,699.0,311.0,94.0,0.9099999999999999,14.0,Loam,['Onion']
Andhra Pradesh,Srikakulam,100.0,82.67,22.64,7.86,699.0,311.0,94.0,0.43000000000000005,15.0,Loam,['Maize']
Andhra Pradesh,Srikakulam,100.0,82.67,22.64,7.86,699.0,311.0,94.0,0.08499999999999999,16.0,Loam,['Chickpea']
Andhra Pradesh,Srikakulam,100.0,82.67,22.64,7.86,699.0,311.0,94.0,0.05,17.0,Loam,['Cotton']
Andhra Pradesh,Srikakulam,100.0,82.67,22.64,7.86,699.0,311.0,94.0,0.01,18.0,Loam,['Fodder']
Andhra Pradesh,Srikakulam,100.0,82.67,22.64,7.86,699.0,311.0,94.0,0.0,19.0,Loam,['Barley']
Andhra Pradesh,Srikakulam,100.0,82.67,22.64,7.86,699.0,311.0,94.0,0.0,19.0,Loam,['Castor']
Andhra Pradesh,Srikakulam,100.0,82.67,22.64,7.86,699.0,311.0,94.0,0.0,19.0,Loam,['Linseed']
Andhra Pradesh,Srikakulam,100.0,82.67,22.64,7.86,699.0,311.0,94.0,0.0,19.0,Loam,['Potato']
Andhra Pradesh,Srikakulam,100.0,82.67,22.64,7.86,699.0,311.0,94.0,0.0,19.0,Loam,['Other']
Andhra Pradesh,Srikakulam,100.0,82.67,22.64,7.86,699.0,311.0,94.0,0.0,19.0,Loam,['Safflower']
Andhra Pradesh,Srikakulam,100.0,82.67,22.64,7.86,699.0,311.0,94.0,0.0,19.0,Loam,['Soyabean']
Andhra Pradesh,Srikakulam,100.0,82.67,22.64,7.86,699.0,311.0,94.0,0.0,19.0,Loam,['Sunflower']
Andhra Pradesh,Srikakulam,100.0,82.67,22.64,7.86,699.0,311.0,94.0,0.0,19.0,Loam,['Wheat']
Andhra Pradesh,Visakhapatnam,50.0,65.09,11.71,4.69,509.0,390.0,76.0,164.6,1.0,Loam,['Rice']
Andhra Pradesh,Visakhapatnam,50.0,65.09,11.71,4.69,509.0,390.0,76.0,85.32499999999999,2.0,Loam,['Other']
Andhra Pradesh,Visakhapatnam,50.0,65.09,11.71,4.69,509.0,390.0,76.0,56.385,3.0,Loam,['Other']
Andhra Pradesh,Visakhapatnam,50.0,65.09,11.71,4.69,509.0,390.0,76.0,51.504999999999995,4.0,Loam,['Groundnut']
Andhra Pradesh,Visakhapatnam,50.0,65.09,11.71,4.69,509.0,390.0,76.0,45.325,5.0,Loam,['Other Pulse']
Andhra Pradesh,Visakhapatnam,50.0,65.09,11.71,4.69,509.0,390.0,76.0,42.125,6.0,Loam,['Fruits']
Andhra Pradesh,Visakhapatnam,50.0,65.09,11.71,4.69,509.0,390.0,76.0,41.2,7.0,Loam,['Ragi']
Andhra Pradesh,Visakhapatnam,50.0,65.09,11.71,4.69,509.0,390.0,76.0,39.295,8.0,Loam,['Pearl Millet']
Andhra Pradesh,Visakhapatnam,50.0,65.09,11.71,4.69,509.0,390.0,76.0,38.435,9.0,Loam,['Sugarcane']
Andhra Pradesh,Visakhapatnam,50.0,65.09,11.71,4.69,509.0,390.0,76.0,22.365000000000002,10.0,Loam,['Sesame']
Andhra Pradesh,Visakhapatnam,50.0,65.09,11.71,4.69,509.0,390.0,76.0,9.11,11.0,Loam,['Vegetables']
Andhra Pradesh,Visakhapatnam,50.0,65.09,11.71,4.69,509.0,390.0,76.0,7.45,12.0,Loam,['Maize']
Andhra Pradesh,Visakhapatnam,50.0,65.09,11.71,4.69,509.0,390.0,76.0,4.745,13.0,Loam,['Other']
Andhra Pradesh,Visakhapatnam,50.0,65.09,11.71,4.69,509.0,390.0,76.0,4.29,14.0,Loam,['Pigeonpea']
Andhra Pradesh,Visakhapatnam,50.0,65.09,11.71,4.69,509.0,390.0,76.0,0.585,15.0,Loam,['Onion']
Andhra Pradesh,Visakhapatnam,50.0,65.09,11.71,4.69,509.0,390.0,76.0,0.26,16.0,Loam,['Fodder']
Andhra Pradesh,Visakhapatnam,50.0,65.09,11.71,4.69,509.0,390.0,76.0,0.11499999999999999,17.0,Loam,['Chickpea']
Andhra Pradesh,Visakhapatnam,50.0,65.09,11.71,4.69,509.0,390.0,76.0,0.1,18.0,Loam,['Cotton']
Andhra Pradesh,Visakhapatnam,50.0,65.09,11.71,4.69,509.0,390.0,76.0,0.1,18.0,Loam,['Potato']
Andhra Pradesh,Visakhapatnam,50.0,65.09,11.71,4.69,509.0,390.0,76.0,0.0,19.0,Loam,['Barley']
Andhra Pradesh,Visakhapatnam,50.0,65.09,11.71,4.69,509.0,390.0,76.0,0.0,19.0,Loam,['Castor']
Andhra Pradesh,Visakhapatnam,50.0,65.09,11.71,4.69,509.0,390.0,76.0,0.0,19.0,Loam,['Linseed']
Andhra Pradesh,Visakhapatnam,50.0,65.09,11.71,4.69,509.0,390.0,76.0,0.0,19.0,Loam,['Other']
Andhra Pradesh,Visakhapatnam,50.0,65.09,11.71,4.69,509.0,390.0,76.0,0.0,19.0,Loam,['Safflower']
Andhra Pradesh,Visakhapatnam,50.0,65.09,11.71,4.69,509.0,390.0,76.0,0.0,19.0,Loam,['Soyabean']
Andhra Pradesh,Visakhapatnam,50.0,65.09,11.71,4.69,509.0,390.0,76.0,0.0,19.0,Loam,['Sunflower']
Andhra Pradesh,Visakhapatnam,50.0,65.09,11.71,4.69,509.0,390.0,76.0,0.0,19.0,Loam,['Wheat']
Andhra Pradesh,Visakhapatnam,50.0,65.09,11.71,4.69,509.0,390.0,76.0,164.6,1.0,Sandy,['Rice']
Andhra Pradesh,Visakhapatnam,50.0,65.09,11.71,4.69,509.0,390.0,76.0,85.32499999999999,2.0,Sandy,['Other']
Andhra Pradesh,Visakhapatnam,50.0,65.09,11.71,4.69,509.0,390.0,76.0,56.385,3.0,Sandy,['Other']
Andhra Pradesh,Visakhapatnam,50.0,65.09,11.71,4.69,509.0,390.0,76.0,51.504999999999995,4.0,Sandy,['Groundnut']
Andhra Pradesh,Visakhapatnam,50.0,65.09,11.71,4.69,509.0,390.0,76.0,45.325,5.0,Sandy,['Other Pulse']
Andhra Pradesh,Visakhapatnam,50.0,65.09,11.71,4.69,509.0,390.0,76.0,42.125,6.0,Sandy,['Fruits']
Andhra Pradesh,Visakhapatnam,50.0,65.09,11.71,4.69,509.0,390.0,76.0,41.2,7.0,Sandy,['Ragi']
Andhra Pradesh,Visakhapatnam,50.0,65.09,11.71,4.69,509.0,390.0,76.0,39.295,8.0,Sandy,['Pearl Millet']
Andhra Pradesh,Visakhapatnam,50.0,65.09,11.71,4.69,509.0,390.0,76.0,38.435,9.0,Sandy,['Sugarcane']
Andhra Pradesh,Visakhapatnam,50.0,65.09,11.71,4.69,509.0,390.0,76.0,22.365000000000002,10.0,Sandy,['Sesame']
Andhra Pradesh,Visakhapatnam,50.0,65.09,11.71,4.69,509.0,390.0,76.0,9.11,11.0,Sandy,['Vegetables']
Andhra Pradesh,Visakhapatnam,50.0,65.09,11.71,4.69,509.0,390.0,76.0,7.45,12.0,Sandy,['Maize']
Andhra Pradesh,Visakhapatnam,50.0,65.09,11.71,4.69,509.0,390.0,76.0,4.745,13.0,Sandy,['Other']
Andhra Pradesh,Visakhapatnam,50.0,65.09,11.71,4.69,509.0,390.0,76.0,4.29,14.0,Sandy,['Pigeonpea']
Andhra Pradesh,Visakhapatnam,50.0,65.09,11.71,4.69,509.0,390.0,76.0,0.585,15.0,Sandy,['Onion']
Andhra Pradesh,Visakhapatnam,50.0,65.09,11.71,4.69,509.0,390.0,76.0,0.26,16.0,Sandy,['Fodder']
Andhra Pradesh,Visakhapatnam,50.0,65.09,11.71,4.69,509.0,390.0,76.0,0.11499999999999999,17.0,Sandy,['Chickpea']
Andhra Pradesh,Visakhapatnam,50.0,65.09,11.71,4.69,509.0,390.0,76.0,0.1,18.0,Sandy,['Cotton']
Andhra Pradesh,Visakhapatnam,50.0,65.09,11.71,4.69,509.0,390.0,76.0,0.1,18.0,Sandy,['Potato']
Andhra Pradesh,Visakhapatnam,50.0,65.09,11.71,4.69,509.0,390.0,76.0,0.0,19.0,Sandy,['Barley']
Andhra Pradesh,Visakhapatnam,50.0,65.09,11.71,4.69,509.0,390.0,76.0,0.0,19.0,Sandy,['Castor']
Andhra Pradesh,Visakhapatnam,50.0,65.09,11.71,4.69,509.0,390.0,76.0,0.0,19.0,Sandy,['Linseed']
Andhra Pradesh,Visakhapatnam,50.0,65.09,11.71,4.69,509.0,390.0,76.0,0.0,19.0,Sandy,['Other']
Andhra Pradesh,Visakhapatnam,50.0,65.09,11.71,4.69,509.0,390.0,76.0,0.0,19.0,Sandy,['Safflower']
Andhra Pradesh,Visakhapatnam,50.0,65.09,11.71,4.69,509.0,390.0,76.0,0.0,19.0,Sandy,['Soyabean']
Andhra Pradesh,Visakhapatnam,50.0,65.09,11.71,4.69,509.0,390.0,76.0,0.0,19.0,Sandy,['Sunflower']
Andhra Pradesh,Visakhapatnam,50.0,65.09,11.71,4.69,509.0,390.0,76.0,0.0,19.0,Sandy,['Wheat']
Andhra Pradesh,Vizianagaram,50.0,76.46,23.04,12.91,806.0,259.0,109.0,,,Loam,['Other']
Andhra Pradesh,Vizianagaram,50.0,76.46,23.04,12.91,806.0,259.0,109.0,,,Sandy,['Other']
Andhra Pradesh,West Godavari,50.0,247.2,108.81,48.6,731.0,255.0,76.0,422.255,1.0,Loam,['Rice']
Andhra Pradesh,West Godavari,50.0,247.2,108.81,48.6,731.0,255.0,76.0,55.665,2.0,Loam,['Other']
Andhra Pradesh,West Godavari,50.0,247.2,108.81,48.6,731.0,255.0,76.0,50.185,3.0,Loam,['Fruits']
Andhra Pradesh,West Godavari,50.0,247.2,108.81,48.6,731.0,255.0,76.0,29.52,4.0,Loam,['Other']
Andhra Pradesh,West Godavari,50.0,247.2,108.81,48.6,731.0,255.0,76.0,24.73,5.0,Loam,['Sugarcane']
Andhra Pradesh,West Godavari,50.0,247.2,108.81,48.6,731.0,255.0,76.0,17.905,6.0,Loam,['Other Pulse']
Andhra Pradesh,West Godavari,50.0,247.2,108.81,48.6,731.0,255.0,76.0,6.32,7.0,Loam,['Groundnut']
Andhra Pradesh,West Godavari,50.0,247.2,108.81,48.6,731.0,255.0,76.0,4.615,8.0,Loam,['Vegetables']
Andhra Pradesh,West Godavari,50.0,247.2,108.81,48.6,731.0,255.0,76.0,4.195,9.0,Loam,['Sesame']
Andhra Pradesh,West Godavari,50.0,247.2,108.81,48.6,731.0,255.0,76.0,2.85,10.0,Loam,['Maize']
Andhra Pradesh,West Godavari,50.0,247.2,108.81,48.6,731.0,255.0,76.0,2.795,11.0,Loam,['Fodder']
Andhra Pradesh,West Godavari,50.0,247.2,108.81,48.6,731.0,255.0,76.0,2.395,12.0,Loam,['Other']
Andhra Pradesh,West Godavari,50.0,247.2,108.81,48.6,731.0,255.0,76.0,1.68,13.0,Loam,['Cotton']
Andhra Pradesh,West Godavari,50.0,247.2,108.81,48.6,731.0,255.0,76.0,1.095,14.0,Loam,['Pigeonpea']
Andhra Pradesh,West Godavari,50.0,247.2,108.81,48.6,731.0,255.0,76.0,0.0,15.0,Loam,['Barley']
Andhra Pradesh,West Godavari,50.0,247.2,108.81,48.6,731.0,255.0,76.0,0.0,15.0,Loam,['Castor']
Andhra Pradesh,West Godavari,50.0,247.2,108.81,48.6,731.0,255.0,76.0,0.0,15.0,Loam,['Chickpea']
Andhra Pradesh,West Godavari,50.0,247.2,108.81,48.6,731.0,255.0,76.0,0.0,15.0,Loam,['Ragi']
Andhra Pradesh,West Godavari,50.0,247.2,108.81,48.6,731.0,255.0,76.0,0.0,15.0,Loam,['Linseed']
Andhra Pradesh,West Godavari,50.0,247.2,108.81,48.6,731.0,255.0,76.0,0.0,15.0,Loam,['Onion']
Andhra Pradesh,West Godavari,50.0,247.2,108.81,48.6,731.0,255.0,76.0,0.0,15.0,Loam,['Pearl Millet']
Andhra Pradesh,West Godavari,50.0,247.2,108.81,48.6,731.0,255.0,76.0,0.0,15.0,Loam,['Potato']
Andhra Pradesh,West Godavari,50.0,247.2,108.81,48.6,731.0,255.0,76.0,0.0,15.0,Loam,['Other']
Andhra Pradesh,West Godavari,50.0,247.2,108.81,48.6,731.0,255.0,76.0,0.0,15.0,Loam,['Safflower']
Andhra Pradesh,West Godavari,50.0,247.2,108.81,48.6,731.0,255.0,76.0,0.0,15.0,Loam,['Soyabean']
Andhra Pradesh,West Godavari,50.0,247.2,108.81,48.6,731.0,255.0,76.0,0.0,15.0,Loam,['Sunflower']
Andhra Pradesh,West Godavari,50.0,247.2,108.81,48.6,731.0,255.0,76.0,0.0,15.0,Loam,['Wheat']
Andhra Pradesh,West Godavari,50.0,247.2,108.81,48.6,731.0,255.0,76.0,422.255,1.0,Sandy,['Rice']
Andhra Pradesh,West Godavari,50.0,247.2,108.81,48.6,731.0,255.0,76.0,55.665,2.0,Sandy,['Other']
Andhra Pradesh,West Godavari,50.0,247.2,108.81,48.6,731.0,255.0,76.0,50.185,3.0,Sandy,['Fruits']
Andhra Pradesh,West Godavari,50.0,247.2,108.81,48.6,731.0,255.0,76.0,29.52,4.0,Sandy,['Other']
Andhra Pradesh,West Godavari,50.0,247.2,108.81,48.6,731.0,255.0,76.0,24.73,5.0,Sandy,['Sugarcane']
Andhra Pradesh,West Godavari,50.0,247.2,108.81,48.6,731.0,255.0,76.0,17.905,6.0,Sandy,['Other Pulse']
Andhra Pradesh,West Godavari,50.0,247.2,108.81,48.6,731.0,255.0,76.0,6.32,7.0,Sandy,['Groundnut']
Andhra Pradesh,West Godavari,50.0,247.2,108.81,48.6,731.0,255.0,76.0,4.615,8.0,Sandy,['Vegetables']
Andhra Pradesh,West Godavari,50.0,247.2,108.81,48.6,731.0,255.0,76.0,4.195,9.0,Sandy,['Sesame']
Andhra Pradesh,West Godavari,50.0,247.2,108.81,48.6,731.0,255.0,76.0,2.85,10.0,Sandy,['Maize']
Andhra Pradesh,West Godavari,50.0,247.2,108.81,48.6,731.0,255.0,76.0,2.795,11.0,Sandy,['Fodder']
Andhra Pradesh,West Godavari,50.0,247.2,108.81,48.6,731.0,255.0,76.0,2.395,12.0,Sandy,['Other']
Andhra Pradesh,West Godavari,50.0,247.2,108.81,48.6,731.0,255.0,76.0,1.68,13.0,Sandy,['Cotton']
Andhra Pradesh,West Godavari,50.0,247.2,108.81,48.6,731.0,255.0,76.0,1.095,14.0,Sandy,['Pigeonpea']
Andhra Pradesh,West Godavari,50.0,247.2,108.81,48.6,731.0,255.0,76.0,0.0,15.0,Sandy,['Barley']
Andhra Pradesh,West Godavari,50.0,247.2,108.81,48.6,731.0,255.0,76.0,0.0,15.0,Sandy,['Castor']
Andhra Pradesh,West Godavari,50.0,247.2,108.81,48.6,731.0,255.0,76.0,0.0,15.0,Sandy,['Chickpea']
Andhra Pradesh,West Godavari,50.0,247.2,108.81,48.6,731.0,255.0,76.0,0.0,15.0,Sandy,['Ragi']
Andhra Pradesh,West Godavari,50.0,247.2,108.81,48.6,731.0,255.0,76.0,0.0,15.0,Sandy,['Linseed']
Andhra Pradesh,West Godavari,50.0,247.2,108.81,48.6,731.0,255.0,76.0,0.0,15.0,Sandy,['Onion']
Andhra Pradesh,West Godavari,50.0,247.2,108.81,48.6,731.0,255.0,76.0,0.0,15.0,Sandy,['Pearl Millet']
Andhra Pradesh,West Godavari,50.0,247.2,108.81,48.6,731.0,255.0,76.0,0.0,15.0,Sandy,['Potato']
Andhra Pradesh,West Godavari,50.0,247.2,108.81,48.6,731.0,255.0,76.0,0.0,15.0,Sandy,['Other']
Andhra Pradesh,West Godavari,50.0,247.2,108.81,48.6,731.0,255.0,76.0,0.0,15.0,Sandy,['Safflower']
Andhra Pradesh,West Godavari,50.0,247.2,108.81,48.6,731.0,255.0,76.0,0.0,15.0,Sandy,['Soyabean']
Andhra Pradesh,West Godavari,50.0,247.2,108.81,48.6,731.0,255.0,76.0,0.0,15.0,Sandy,['Sunflower']
Andhra Pradesh,West Godavari,50.0,247.2,108.81,48.6,731.0,255.0,76.0,0.0,15.0,Sandy,['Wheat']
